{
    "id": "earth",
    "name": "Earth",
    "hazardous": false,
    "a": 1.00000011,
    "e": 0.01671022,
    "i": 0.00005,
    "om": -11.26064,
    "w": 102.94719,
    "epoch": 2451545.0,
    "mean_anomaly_deg": 100.46435,
    "M0": 0.9856076686
}